{
    "confusion_matrix": [
        [
            0.9988374627624791, 
            0.0011625372375208894
        ], 
        [
            0.00024301336573511544, 
            0.9997569866342649
        ]
    ], 
    "performance": {
        "balanced_success_rate": 0.99929722469837201, 
        "evaluation_rounds": 100, 
        "num_samples": 17878, 
        "success_rate": 0.99904911063877389
    }
}